STATE,DEM,GOP,Johnson,Start,End,Pollster
AL,36,54,06,Oct 31,Nov 06,SurveyMonkey
AL,36,54,06,Oct 24,Oct 30,SurveyMonkey
AL,36,52,08,Oct 18,Oct 26,SurveyMonkey
AL,37,51,08,Oct 17,Oct 23,SurveyMonkey
AL,31,53,08,Aug 09,Sep 01,SurveyMonkey
AL,33,52,00,May 01,May 31,Morning
AL,31,53,00,Feb 01,Feb 29,Morning
AL,38,61,00,Jan 01,Jan 01,Election
AK,31,47,13,Oct 31,Nov 06,SurveyMonkey
AK,39,47,11,Oct 24,Oct 30,SurveyMonkey
AK,47,43,07,Oct 21,Oct 26,Craciun
AK,31,36,18,Sep 28,Oct 02,Alaska
AK,31,38,19,Aug 09,Sep 01,SurveyMonkey
AK,32,53,00,May 01,May 31,Morning
AK,33,48,00,Feb 01,Feb 29,Morning
AK,42,55,00,Jan 01,Jan 01,Election
AZ,40,45,09,Oct 30,Nov 01,Marist
AZ,43,47,02,Oct 29,Oct 31,Emerson
AZ,44,49,05,Oct 27,Nov 01,Opinion
AZ,42,44,04,Oct 26,Oct 28,YouGov
AZ,43,43,08,Oct 24,Oct 30,SurveyMonkey
AZ,45,46,04,Oct 21,Oct 24,Monmouth
AZ,39,37,08,Oct 14,Oct 14,HighGround
AZ,41,44,10,Oct 08,Oct 16,SurveyMonkey
AZ,43,38,07,Oct 10,Oct 15,Arizona
AZ,44,42,09,Oct 02,Oct 04,Emerson
AZ,42,42,05,Sep 28,Sep 30,OH
AZ,38,40,12,Sep 06,Sep 08,Marist
AZ,40,44,08,Aug 27,Aug 27,Gravis
AZ,43,46,00,Aug 26,Aug 28,PPP
AZ,40,39,07,Aug 25,Aug 27,OH
AZ,35,34,07,Aug 17,Aug 31,Arizona
AZ,37,39,13,Aug 09,Sep 01,SurveyMonkey
AZ,38,45,12,Aug 18,Aug 23,Opinion
AZ,42,44,05,Aug 02,Aug 05,YouGov
AZ,45,42,04,Aug 01,Aug 01,OH
AZ,40,44,00,Jun 22,Jun 23,PPP
AZ,47,42,00,Jun 20,Jun 20,OH
AZ,38,46,00,May 01,May 31,Morning
AZ,38,40,00,May 13,May 15,PPP
AZ,42,35,00,Apr 04,Apr 11,Behavior
AZ,38,38,00,Mar 07,Mar 11,Merrill/West
AZ,39,46,00,Feb 01,Feb 29,Morning
AZ,44,54,00,Jan 01,Jan 01,Election
AR,34,55,06,Oct 31,Nov 06,SurveyMonkey
AR,37,53,05,Oct 24,Oct 30,SurveyMonkey
AR,33,56,04,Oct 21,Oct 21,Hendrix
AR,36,59,00,Oct 18,Oct 25,U.
AR,34,55,03,Sep 15,Sep 17,Hendrix
AR,29,57,05,Sep 09,Sep 13,Emerson
AR,37,46,11,Aug 09,Sep 01,SurveyMonkey
AR,36,47,00,Jun 21,Jun 21,Hendrix
AR,37,47,00,May 01,May 31,Morning
AR,38,47,00,Feb 01,Feb 29,Morning
AR,37,61,00,Jan 01,Jan 01,Election
CA,56,30,07,Oct 31,Nov 06,SurveyMonkey
CA,56,35,04,Oct 28,Oct 31,SurveyUSA
CA,53,33,04,Oct 25,Oct 31,Field
CA,55,30,07,Oct 24,Oct 30,SurveyMonkey
CA,54,30,04,Oct 22,Oct 30,USC
CA,54,28,05,Oct 14,Oct 23,Public
CA,56,30,04,Oct 13,Oct 15,SurveyUSA
CA,61,25,04,Oct 07,Oct 13,Sacramento
CA,59,33,03,Sep 27,Sep 28,SurveyUSA
CA,47,31,10,Sep 09,Sep 18,Public
CA,50,33,05,Sep 07,Sep 13,YouGov
CA,57,32,03,Sep 08,Sep 11,SurveyUSA
CA,49,29,11,Sep 01,Sep 08,Los
CA,49,29,11,Sep 01,Sep 08,SurveyMonkey
CA,49,28,12,Aug 09,Sep 01,SurveyMonkey
CA,46,30,07,Jul 10,Jul 19,Public
CA,50,26,10,Jun 08,Jul 02,Field
CA,48,33,00,May 31,Jun 03,YouGov
CA,55,31,00,May 29,May 31,Marist
CA,53,34,00,May 26,May 31,Field
CA,56,30,00,May 19,May 31,LA
CA,52,38,00,May 19,May 22,SurveyUSA
CA,49,39,00,May 13,May 22,Public
CA,52,32,00,May 01,May 31,Morning
CA,45,33,04,May 04,May 16,Hoover
CA,56,34,00,Apr 27,Apr 30,SurveyUSA
CA,60,26,00,Mar 30,Apr 03,SurveyUSA
CA,59,31,00,Mar 24,Apr 04,Field
CA,57,30,00,Mar 16,Mar 23,LA
CA,53,32,00,Feb 01,Feb 29,Morning
CA,59,38,00,Jan 01,Jan 01,Election
CO,43,39,11,Oct 31,Nov 06,SurveyMonkey
CO,48,43,04,Nov 03,Nov 04,PPP
CO,39,39,05,Oct 29,Oct 31,Ciruli
CO,44,41,08,Oct 28,Oct 31,Emerson
CO,42,39,07,Oct 26,Oct 28,YouGov
CO,44,39,11,Oct 24,Oct 30,SurveyMonkey
CO,44,34,09,Oct 17,Oct 24,U.
CO,45,37,10,Oct 10,Oct 16,Quinnipiac
CO,44,37,12,Oct 08,Oct 16,SurveyMonkey
CO,49,38,07,Sep 29,Oct 02,Monmouth
CO,46,40,06,Sep 27,Sep 28,PPP
CO,40,39,07,Sep 21,Sep 23,YouGov
CO,41,42,13,Sep 20,Sep 25,Opinion
CO,44,42,10,Sep 13,Sep 21,Quinnipiac
CO,41,34,12,Sep 14,Sep 18,CMU-RMPBS
CO,38,42,13,Sep 09,Sep 13,Emerson
CO,37,37,16,Aug 09,Sep 01,SurveyMonkey
CO,41,33,16,Aug 09,Aug 16,Quinnipiac
CO,41,29,15,Aug 04,Aug 10,Marist
CO,37,28,13,Jul 09,Jul 12,Anderson
CO,48,35,05,Jul 09,Jul 12,Monmouth
CO,39,33,13,Jul 05,Jul 11,Marist
CO,43,41,00,Jul 07,Jul 08,Gravis
CO,40,39,00,Jun 21,Jun 24,YouGov
CO,45,37,00,May 01,May 31,Morning
CO,44,39,00,Feb 01,Feb 29,Morning
CO,51,47,00,Jan 01,Jan 01,Election
CT,51,37,07,Oct 31,Nov 06,SurveyMonkey
CT,51,39,04,Oct 24,Oct 30,SurveyMonkey
CT,50,35,09,Sep 02,Sep 05,Emerson
CT,44,33,12,Aug 09,Sep 01,SurveyMonkey
CT,41,36,06,Jun 01,Jun 05,Quinnipiac
CT,45,40,00,May 01,May 31,Morning
CT,48,40,00,Apr 10,Apr 11,Emerson
CT,47,36,00,Feb 01,Feb 29,Morning
CT,58,40,00,Jan 01,Jan 01,Election
DE,49,39,07,Oct 31,Nov 06,SurveyMonkey
DE,51,38,06,Oct 24,Oct 30,SurveyMonkey
DE,51,30,07,Sep 16,Sep 28,U.
DE,43,33,12,Aug 09,Sep 01,SurveyMonkey
DE,42,32,00,Jul 20,Jul 24,Fairleigh
DE,45,39,00,May 01,May 31,Morning
DE,47,38,00,Feb 01,Feb 29,Morning
DE,59,40,00,Jan 01,Jan 01,Election
DC,88,07,02,Oct 31,Nov 06,SurveyMonkey
DC,87,04,04,Oct 24,Oct 30,SurveyMonkey
DC,66,20,00,May 01,May 31,Morning
DC,70,17,00,Feb 01,Feb 29,Morning
DC,91,07,00,Jan 01,Jan 01,Election
FL,48,46,03,Nov 05,Nov 06,Opinion
GA,43,49,04,Nov 03,Nov 05,YouGov
FL,46,45,02,Nov 03,Nov 06,Quinnipiac
FL,45,45,04,Nov 02,Nov 04,YouGov
FL,47,45,05,Oct 31,Nov 06,SurveyMonkey
FL,49,45,03,Nov 01,Nov 02,Opinion
FL,46,45,02,Oct 27,Nov 01,Quinnipiac
FL,49,47,03,Oct 27,Nov 01,Opinion
FL,46,45,05,Oct 24,Oct 30,SurveyMonkey
FL,48,40,03,Oct 25,Oct 30,TargetSmart/Wm.
FL,42,46,04,Oct 25,Oct 27,Siena
FL,46,45,04,Oct 26,Oct 27,Emerson
FL,45,44,05,Oct 25,Oct 26,Marist
FL,48,44,00,Oct 25,Oct 26,PPP
FL,43,39,06,Oct 20,Oct 25,U.
FL,43,45,04,Oct 21,Oct 24,Selzer
FL,46,43,03,Oct 21,Oct 23,Florida
FL,48,45,02,Oct 20,Oct 24,SurveyUSA
FL,46,43,03,Oct 20,Oct 21,YouGov
FL,49,45,03,Oct 20,Oct 20,Opinion
FL,48,44,04,Oct 10,Oct 16,Quinnipiac
FL,43,45,07,Oct 08,Oct 16,SurveyMonkey
FL,46,42,05,Oct 12,Oct 13,PPP
FL,47,44,05,Oct 10,Oct 11,Opinion
FL,49,43,01,Oct 05,Oct 09,Florida
FL,45,42,05,Oct 03,Oct 05,Marist
FL,44,45,04,Oct 02,Oct 04,Emerson
FL,41,38,06,Sep 27,Oct 04,U.
FL,46,41,05,Sep 27,Oct 02,Quinnipiac
FL,46,42,07,Sep 27,Sep 29,Mason
FL,47,46,04,Sep 28,Sep 29,Opinion
FL,45,43,03,Sep 27,Sep 28,PPP
FL,44,45,03,Sep 19,Sep 21,Suffolk
FL,46,41,06,Sep 16,Sep 19,Monmouth
FL,41,40,09,Sep 10,Sep 14,Siena
FL,44,47,06,Sep 07,Sep 12,Opinion
FL,44,42,05,Sep 07,Sep 09,YouGov
FL,42,46,03,Sep 07,Sep 08,JMC
FL,43,44,05,Sep 04,Sep 06,PPP
FL,43,43,08,Aug 29,Sep 07,Quinnipiac
FL,44,42,06,Aug 22,Aug 24,Mason
FL,41,43,08,Aug 19,Aug 22,Florida
FL,42,40,10,Aug 09,Sep 01,SurveyMonkey
FL,52,38,08,Aug 14,Aug 18,Saint
FL,48,39,06,Aug 12,Aug 15,Monmouth
FL,45,40,05,Aug 10,Aug 12,YouGov
FL,45,44,06,Aug 10,Aug 10,Opinion
FL,41,36,09,Aug 04,Aug 10,Marist
FL,46,43,00,Aug 05,Aug 07,PPP
FL,43,43,07,Jul 30,Aug 07,Quinnipiac
FL,43,39,04,Aug 01,Aug 03,Suffolk
FL,42,47,02,Jul 09,Jul 10,JMC
FL,41,36,07,Jul 05,Jul 11,Marist
FL,36,41,07,Jun 30,Jul 11,Quinnipiac
FL,46,42,02,Jun 25,Jun 27,SurveyUSA
FL,44,41,00,Jun 21,Jun 24,YouGov
FL,42,36,07,Jun 08,Jun 19,Quinnipiac
FL,40,41,04,Jun 02,Jun 05,PPP
FL,45,42,00,May 31,Jun 02,Mason-Dixon
FL,43,42,00,May 16,May 19,YouGov
FL,46,42,00,May 17,May 18,Gravis
FL,43,42,00,May 01,May 31,Morning
FL,43,42,00,Apr 27,May 08,Quinnipiac
FL,49,41,00,Mar 04,Mar 10,Marist
FL,44,45,00,Mar 04,Mar 06,SurveyUSA
FL,50,43,00,Mar 02,Mar 06,Opinion
FL,44,46,00,Feb 24,Feb 24,PPP
FL,43,43,00,Feb 01,Feb 29,Morning
FL,45,38,00,Jan 30,Feb 06,Florida
FL,44,47,00,Jan 15,Jan 18,Florida
FL,50,49,00,Jan 01,Jan 01,Election
GA,45,45,06,Oct 31,Nov 06,SurveyMonkey
GA,45,49,06,Nov 02,Nov 03,Opinion
GA,44,45,08,Oct 30,Nov 01,Marist
GA,42,51,02,Oct 29,Oct 31,Emerson
AZ,42,44,04,Oct 26,Oct 28,YouGov
GA,44,46,07,Oct 24,Oct 30,SurveyMonkey
GA,42,49,03,Oct 25,Oct 27,SurveyUSA
GA,43,44,08,Oct 20,Oct 26,Quinnipiac
GA,46,50,03,Oct 20,Oct 20,Opinion
GA,42,44,09,Oct 17,Oct 20,AbtSRBI
GA,45,41,09,Oct 08,Oct 16,SurveyMonkey
GA,38,44,05,Sep 20,Sep 22,JMC
GA,40,47,09,Sep 13,Sep 21,Quinnipiac
GA,42,45,08,Sep 15,Sep 18,Monmouth
GA,42,46,10,Sep 14,Sep 14,Opinion
GA,39,45,06,Sep 09,Sep 13,Emerson
GA,42,44,10,Sep 06,Sep 08,Marist
GA,39,40,12,Aug 09,Sep 01,SurveyMonkey
GA,43,43,11,Aug 17,Aug 17,Opinion
GA,41,45,05,Aug 10,Aug 12,YouGov
GA,39,43,08,Aug 04,Aug 08,Gravis
GA,44,37,07,Aug 06,Aug 07,JMC
GA,41,38,11,Aug 01,Aug 04,Abt
GA,42,46,05,Jul 29,Jul 31,SurveyUSA
GA,40,49,06,May 27,May 30,PPP
GA,43,42,00,May 01,May 31,Morning
GA,41,44,00,May 15,May 15,Opinion
GA,41,45,00,May 09,May 12,Abt
GA,41,50,00,Feb 22,Feb 23,SurveyUSA
GA,39,45,00,Feb 01,Feb 29,Morning
GA,45,53,00,Jan 01,Jan 01,Election
HI,52,29,09,Oct 31,Nov 06,SurveyMonkey
HI,52,31,07,Oct 24,Oct 30,SurveyMonkey
HI,51,25,07,Aug 09,Sep 01,SurveyMonkey
HI,50,31,00,May 01,May 31,Morning
HI,54,29,00,Feb 01,Feb 29,Morning
HI,71,28,00,Jan 01,Jan 01,Election
ID,29,47,07,Oct 31,Nov 06,SurveyMonkey
ID,31,49,11,Oct 24,Oct 30,SurveyMonkey
ID,29,48,06,Oct 23,Oct 24,Rasmussen
ID,23,52,04,Oct 21,Oct 23,Emerson
ID,30,40,10,Sep 28,Oct 09,Dan
ID,23,44,13,Aug 18,Aug 31,Dan
ID,25,44,19,Aug 09,Sep 01,SurveyMonkey
ID,23,44,00,Jul 05,Jul 16,Dan
ID,34,45,00,May 01,May 31,Morning
ID,32,51,00,Feb 01,Feb 29,Morning
ID,33,65,00,Jan 01,Jan 01,Election
IL,52,35,07,Oct 31,Nov 06,SurveyMonkey
IL,53,41,02,Oct 27,Oct 30,Emerson
IL,53,34,08,Oct 24,Oct 30,SurveyMonkey
IL,45,34,06,Oct 26,Oct 27,Loras
IL,51,36,06,Oct 16,Oct 18,Victory
IL,53,28,05,Sep 27,Oct 02,Southern
IL,49,35,04,Sep 21,Sep 24,Victory
IL,45,39,06,Sep 19,Sep 21,Emerson
IL,43,30,08,Sep 13,Sep 16,Loras
IL,45,31,12,Aug 09,Sep 01,SurveyMonkey
IL,51,34,07,Jul 14,Jul 16,Victory
IL,48,35,00,May 01,May 31,Morning
IL,51,33,00,Feb 01,Feb 29,Morning
IL,57,41,00,Jan 01,Jan 01,Election
IN,35,52,10,Oct 31,Nov 06,SurveyMonkey
IN,37,48,09,Nov 01,Nov 03,Howey
IN,39,50,04,Oct 27,Oct 30,Monmouth
IN,37,49,11,Oct 24,Oct 30,SurveyMonkey
IN,37,43,09,Oct 10,Oct 16,Ball
IN,41,45,09,Oct 11,Oct 13,Monmouth
IN,38,43,11,Oct 03,Oct 05,Howey
IN,36,43,11,Sep 06,Sep 08,Howey-DePauw
IN,30,46,13,Aug 09,Sep 01,SurveyMonkey
IN,36,47,10,Aug 13,Aug 16,Monmouth
IN,37,45,00,May 01,May 31,Morning
IN,41,48,00,Apr 26,Apr 28,Marist
IN,39,47,00,Apr 18,Apr 21,Howey
IN,41,42,00,Feb 01,Feb 29,Morning
IN,44,54,00,Jan 01,Jan 01,Election
IA,37,47,09,Oct 31,Nov 06,SurveyMonkey
IA,39,46,06,Nov 01,Nov 04,Selzer
IA,41,44,05,Nov 01,Nov 03,Emerson
IA,44,43,03,Nov 01,Nov 03,Loras
IA,41,44,05,Nov 01,Nov 02,RABA
IA,40,44,10,Oct 24,Oct 30,SurveyMonkey
IA,44,44,04,Oct 20,Oct 26,Quinnipiac
IA,40,45,10,Oct 08,Oct 16,SurveyMonkey
IA,39,43,06,Oct 03,Oct 06,Selzer
IA,38,38,09,Sep 20,Sep 22,Loras
IA,37,44,10,Sep 13,Sep 21,Quinnipiac
IA,37,45,08,Sep 12,Sep 14,Monmouth
IA,39,40,10,Sep 06,Sep 08,RABA
IA,39,44,08,Aug 31,Sep 01,Emerson
IA,45,43,00,Aug 30,Aug 31,PPP
IA,36,40,16,Aug 09,Sep 01,SurveyMonkey
IA,40,40,07,Aug 17,Aug 19,YouGov
IA,41,39,12,Aug 09,Aug 16,Quinnipiac
IA,36,37,06,Aug 08,Aug 10,Suffolk
IA,35,35,12,Aug 03,Aug 07,Marist
IA,39,40,03,Jul 13,Jul 15,YouGov
IA,42,44,06,Jul 08,Jul 11,Monmouth
IA,37,37,07,Jul 05,Jul 10,Marist
IA,42,40,08,Jul 07,Jul 08,Gravis
IA,44,31,06,Jun 24,Jun 28,Loras
IA,41,39,00,Jun 22,Jun 23,PPP
IA,44,41,00,Jun 09,Jun 13,PPP
IA,40,40,00,May 01,May 31,Morning
IA,45,38,00,Feb 01,Feb 29,Morning
IA,42,42,00,Jan 08,Jan 10,PPP
IA,48,40,00,Jan 02,Jan 07,Marist
IA,52,47,00,Jan 01,Jan 01,Election
KS,36,48,10,Oct 31,Nov 06,SurveyMonkey
KS,34,58,07,Nov 01,Nov 03,Fort
KS,38,49,07,Oct 26,Oct 30,SurveyUSA
KS,36,47,13,Oct 24,Oct 30,SurveyMonkey
KS,36,47,12,Oct 20,Oct 28,SurveyMonkey
KS,36,47,07,Oct 11,Oct 15,SurveyUSA
KS,36,48,08,Sep 06,Sep 11,SurveyUSA
KS,30,43,17,Aug 09,Sep 01,SurveyMonkey
KS,39,44,08,Aug 03,Aug 07,SurveyUSA
KS,27,44,00,Jul 11,Jul 21,Fort
KS,36,47,08,Jul 08,Jul 11,SurveyUSA
KS,35,46,00,May 01,May 31,Morning
KS,37,43,00,Feb 01,Feb 29,Morning
KS,38,60,00,Jan 01,Jan 01,Election
KY,35,53,06,Oct 31,Nov 06,SurveyMonkey
KY,31,59,08,Oct 24,Oct 30,SurveyMonkey
KY,32,56,00,Oct 26,Oct 28,Cygnal
KY,37,54,01,Oct 25,Oct 30,Western
KY,29,52,07,Aug 09,Sep 01,SurveyMonkey
KY,35,49,00,May 01,May 31,Morning
KY,38,46,00,Feb 01,Feb 29,Morning
KY,38,61,00,Jan 01,Jan 01,Election
LA,38,52,04,Oct 31,Nov 06,SurveyMonkey
LA,36,54,05,Oct 24,Oct 30,SurveyMonkey
LA,35,50,05,Oct 19,Oct 21,Southern
LA,34,54,02,Oct 17,Oct 19,Mason
LA,35,49,07,Oct 15,Oct 21,U.
LA,35,45,06,Sep 22,Sep 24,JMC
LA,33,49,08,Sep 15,Sep 17,Opinion
LA,33,49,09,Aug 09,Sep 01,SurveyMonkey
LA,33,51,00,May 01,May 31,Morning
LA,36,52,00,May 05,May 06,JMC
LA,35,50,00,Feb 01,Feb 29,Morning
LA,41,58,00,Jan 01,Jan 01,Election
ME,47,39,07,Oct 31,Nov 06,SurveyMonkey
ME,46,42,05,Oct 28,Oct 30,Emerson
ME,50,38,07,Oct 24,Oct 30,SurveyMonkey
ME,42,37,09,Oct 24,Oct 26,Maine
ME,48,37,05,Oct 20,Oct 25,U.
ME,42,36,09,Oct 14,Oct 15,Maine
ME,44,36,09,Oct 07,Oct 09,Maine
ME,40,36,12,Sep 15,Sep 20,U.
ME,37,37,11,Sep 15,Sep 17,MPRC
ME,42,39,09,Sep 04,Sep 10,SurveyUSA
ME,44,35,12,Sep 02,Sep 05,Emerson
ME,37,34,15,Aug 09,Sep 01,SurveyMonkey
ME,43,33,10,Aug 04,Aug 08,Gravis
ME,42,35,00,Jun 15,Jun 21,U.
ME,39,41,00,May 01,May 31,Morning
ME,41,42,00,Feb 01,Feb 29,Morning
ME,56,41,00,Jan 01,Jan 01,Election
MD,60,29,06,Oct 31,Nov 06,SurveyMonkey
MD,63,27,06,Oct 24,Oct 30,SurveyMonkey
MD,63,27,04,Sep 27,Sep 30,U.
MD,58,25,06,Sep 17,Sep 20,Goucher
MD,54,25,06,Aug 18,Aug 30,OpinionWorks
MD,54,27,09,Aug 09,Sep 01,SurveyMonkey
MD,51,33,00,May 01,May 31,Morning
MD,61,28,00,Apr 15,Apr 17,PPP
MD,63,27,00,Apr 05,Apr 09,Marist
MD,63,28,00,Mar 30,Apr 03,Washington
MD,52,32,00,Feb 01,Feb 29,Morning
MD,62,37,00,Jan 01,Jan 01,Election
MA,56,29,07,Oct 31,Nov 06,SurveyMonkey
MA,56,26,08,Oct 23,Nov 02,Western
MA,58,28,08,Oct 24,Oct 30,SurveyMonkey
MA,57,25,04,Oct 24,Oct 26,Suffolk
MA,54,28,07,Oct 13,Oct 16,MassINC
MA,58,26,07,Sep 24,Oct 03,Western
MA,47,34,09,Sep 15,Sep 20,U.
MA,54,28,09,Sep 07,Sep 10,MassINC
MA,50,33,09,Sep 03,Sep 05,Emerson
MA,48,29,11,Aug 09,Sep 01,SurveyMonkey
MA,50,33,00,May 01,May 31,Morning
MA,55,31,00,May 02,May 05,Suffolk
MA,62,36,00,Apr 01,Apr 10,Western
MA,49,37,00,Feb 01,Feb 29,Morning
MA,61,38,00,Jan 01,Jan 01,Election
MI,44,42,08,Oct 31,Nov 06,SurveyMonkey
MI,46,41,06,Nov 03,Nov 04,PPP
MI,43,42,08,Oct 24,Oct 30,SurveyMonkey
MI,50,43,03,Oct 23,Oct 25,Emerson
MI,41,34,09,Oct 22,Oct 24,EPIC
MI,41,36,07,Oct 16,Oct 19,Marketing
MI,45,37,11,Oct 08,Oct 16,SurveyMonkey
MI,42,31,10,Oct 10,Oct 11,Glengariff
MI,43,32,10,Oct 01,Oct 03,EPIC
MI,42,35,09,Sep 27,Sep 28,Glengariff
MI,46,41,08,Sep 18,Sep 24,Target
MI,47,28,11,Sep 01,Sep 30,Michigan
MI,38,35,10,Sep 10,Sep 13,EPIC
MI,45,40,07,Aug 25,Aug 28,Emerson
MI,44,37,05,Aug 22,Aug 24,Suffolk
MI,39,38,13,Aug 09,Sep 01,SurveyMonkey
MI,43,32,08,Jul 30,Aug 04,EPIC
MI,41,32,08,Jul 30,Aug 01,DetroitNews/Glengariff
MI,42,39,00,Jul 13,Jul 15,YouGov
MI,34,29,00,Jul 11,Jul 15,Marketing
MI,43,39,00,May 24,May 26,Glengariff
MI,42,39,00,May 01,May 31,Morning
MI,49,38,00,Mar 23,Mar 24,SurveyUSA
MI,47,37,00,Mar 19,Mar 22,EPIC-MRA
MI,52,36,00,Mar 01,Mar 03,Marist
MI,42,41,00,Feb 01,Feb 29,Morning
MI,54,45,00,Jan 01,Jan 01,Election
MN,46,37,10,Oct 31,Nov 06,SurveyMonkey
MN,47,38,09,Oct 24,Oct 30,SurveyMonkey
MN,49,39,05,Oct 22,Oct 25,SurveyUSA
MN,47,39,06,Oct 20,Oct 22,Mason
MN,48,35,04,Oct 10,Oct 13,SurveyUSA
MN,46,39,06,Sep 16,Sep 20,SurveyUSA
MN,44,38,06,Sep 12,Sep 14,Mason
MN,41,34,15,Aug 09,Sep 01,SurveyMonkey
MN,45,35,00,May 01,May 31,Morning
MN,48,35,00,Apr 25,Apr 27,Star
MN,44,39,00,Feb 01,Feb 29,Morning
MN,43,38,00,Jan 18,Jan 20,Mason-Dixon
MN,53,45,00,Jan 01,Jan 01,Election
MS,41,50,04,Oct 31,Nov 06,SurveyMonkey
MS,42,47,05,Oct 24,Oct 30,SurveyMonkey
MS,43,46,04,Aug 09,Sep 01,SurveyMonkey
MS,33,51,00,May 01,May 31,Morning
MS,43,46,00,Mar 28,Mar 30,Mason-Dixon
MS,32,54,00,Feb 01,Feb 29,Morning
MS,44,56,00,Jan 01,Jan 01,Election
MO,41,47,07,Nov 04,Nov 05,Emerson
MO,40,48,08,Oct 31,Nov 06,SurveyMonkey
MO,37,50,04,Nov 01,Nov 02,PPP
MO,37,52,05,Oct 28,Oct 31,Emerson
MO,38,52,04,Oct 28,Oct 31,Monmouth
MO,39,46,10,Oct 24,Oct 30,SurveyMonkey
MO,42,47,03,Oct 24,Oct 26,Mason
MO,39,47,05,Oct 17,Oct 19,Emerson
MO,41,46,05,Oct 09,Oct 11,Monmouth
MO,37,46,05,Sep 21,Sep 23,YouGov
MO,34,47,07,Sep 09,Sep 13,Emerson
MO,41,47,00,Aug 26,Aug 27,PPP
MO,34,43,14,Aug 09,Sep 01,SurveyMonkey
MO,43,44,08,Aug 19,Aug 22,Monmouth
MO,42,45,00,Aug 08,Aug 09,PPP
MO,41,40,09,Jul 23,Jul 24,Mason
MO,37,47,08,Jul 20,Jul 24,SurveyUSA
MO,36,46,07,Jul 11,Jul 11,PPP
MO,37,45,00,May 01,May 31,Morning
MO,38,43,00,Mar 03,Mar 10,Fort
MO,38,45,00,Feb 01,Feb 29,Morning
MO,44,54,00,Jan 01,Jan 01,Election
MT,31,53,10,Oct 31,Nov 06,SurveyMonkey
MT,38,48,11,Oct 24,Oct 30,SurveyMonkey
MT,36,46,11,Oct 10,Oct 12,Mason
MT,27,43,07,Oct 03,Oct 10,Montana
MT,31,44,14,Aug 09,Sep 01,SurveyMonkey
MT,36,45,00,May 01,May 31,Morning
MT,35,47,00,Feb 01,Feb 29,Morning
MT,41,55,00,Jan 01,Jan 01,Election
NE,34,52,08,Oct 31,Nov 06,SurveyMonkey
NE,33,51,10,Oct 24,Oct 30,SurveyMonkey
NE,29,56,07,Sep 25,Sep 27,Emerson
NE,32,42,15,Aug 09,Sep 01,SurveyMonkey
NE,35,48,00,May 01,May 31,Morning
NE,35,48,00,Feb 01,Feb 29,Morning
NE,38,61,00,Jan 01,Jan 01,Election
NV,47,46,04,Nov 04,Nov 05,Emerson
NV,44,43,10,Oct 31,Nov 06,SurveyMonkey
NV,48,45,00,Oct 31,Nov 01,PPP
NV,43,49,05,Oct 27,Nov 01,Opinion
NV,43,43,11,Oct 24,Oct 30,SurveyMonkey
NV,44,42,03,Oct 26,Oct 27,Emerson
NV,43,43,10,Oct 20,Oct 24,Marist
NV,46,42,05,Oct 20,Oct 22,Rasmussen
NV,48,41,06,Oct 20,Oct 23,Bendixen
NV,47,40,07,Oct 14,Oct 17,Monmouth
NV,46,40,04,Oct 12,Oct 14,YouGov
NV,40,44,09,Oct 08,Oct 16,SurveyMonkey
NV,46,44,07,Oct 10,Oct 15,Opinion
NV,47,43,00,Oct 10,Oct 11,PPP
NV,43,43,09,Oct 02,Oct 04,Emerson
NV,44,41,08,Sep 27,Oct 02,Repass
NV,44,38,07,Sep 27,Sep 29,Suffolk
NV,45,44,05,Sep 27,Sep 29,Bendixen
NV,40,43,08,Sep 18,Sep 20,Fox
NV,39,42,11,Sep 16,Sep 18,Rasmussen
NV,42,44,08,Sep 11,Sep 13,Monmouth
NV,41,42,08,Sep 06,Sep 08,Marist
NV,45,42,00,Sep 06,Sep 07,PPP
NV,40,37,12,Aug 09,Sep 01,SurveyMonkey
NV,44,42,05,Aug 15,Aug 17,Suffolk
NV,43,41,04,Aug 02,Aug 05,YouGov
NV,41,40,00,Jul 29,Jul 31,Rasmussen
NV,38,43,00,Jul 22,Jul 24,Rasmussen
NV,45,41,05,Jul 07,Jul 10,Monmouth
NV,44,40,00,May 01,May 31,Morning
NV,44,42,00,Feb 01,Feb 29,Morning
NV,52,46,00,Jan 01,Jan 01,Election
NH,45,44,05,Nov 04,Nov 05,Emerson
NH,49,38,06,Nov 03,Nov 06,U.
NH,49,38,08,Oct 31,Nov 06,SurveyMonkey
NH,42,42,05,Oct 31,Nov 02,Suffolk
NH,43,48,04,Oct 31,Nov 02,ARG
NH,48,43,00,Oct 31,Nov 01,PPP
NH,39,40,10,Oct 29,Nov 01,MassINC
NH,44,44,05,Oct 28,Nov 02,UMass
NH,45,38,06,Oct 26,Oct 30,U.
NH,46,36,12,Oct 24,Oct 30,SurveyMonkey
NH,46,43,06,Oct 23,Oct 25,Emerson
NH,46,42,07,Oct 22,Oct 25,Monmouth
NH,45,36,10,Oct 20,Oct 24,Marist
NH,43,38,08,Oct 17,Oct 21,UMass
NH,44,36,10,Oct 17,Oct 19,Emerson
NH,49,34,08,Oct 11,Oct 17,U.
NH,47,36,10,Oct 08,Oct 16,SurveyMonkey
NH,41,38,11,Oct 10,Oct 12,MassINC
NH,45,39,09,Oct 07,Oct 11,UMass
NH,44,42,05,Oct 03,Oct 05,Suffolk
NH,42,35,13,Sep 27,Sep 29,MassINC
NH,46,42,06,Sep 20,Sep 25,ARG
NH,47,38,10,Sep 17,Sep 20,Monmouth
NH,39,37,15,Sep 06,Sep 08,Marist
NH,42,37,14,Sep 03,Sep 05,Emerson
NH,46,41,00,Aug 30,Aug 31,PPP
NH,46,40,00,Aug 26,Aug 28,PPP
NH,43,32,12,Aug 20,Aug 28,U.
NH,40,34,14,Aug 09,Sep 01,SurveyMonkey
NH,45,36,00,Aug 10,Aug 12,YouGov
NH,50,37,00,Aug 05,Aug 07,PPP
NH,39,48,00,Jul 19,Jul 21,Inside
NH,37,37,10,Jul 09,Jul 18,U.
NH,47,42,00,Jun 24,Jun 28,ARG
NH,43,39,00,Jun 22,Jun 23,PPP
NH,44,44,00,May 25,May 28,Franklin
NH,41,43,00,May 20,May 22,PPP
NH,41,41,00,May 01,May 31,Morning
NH,44,42,00,May 12,May 15,MassINC
NH,44,44,00,Apr 22,Apr 24,PPP
NH,34,30,00,Apr 11,Apr 16,Dartmouth
NH,50,31,00,Apr 07,Apr 17,U.
NH,47,39,00,Feb 20,Feb 28,U.
NH,43,39,00,Feb 01,Feb 29,Morning
NH,45,40,00,Feb 05,Feb 07,U.
NH,48,39,00,Jan 13,Jan 18,U.
NH,47,41,00,Jan 04,Jan 06,PPP
NH,45,44,00,Jan 02,Jan 07,Marist
NH,52,46,00,Jan 01,Jan 01,Election
NJ,53,37,04,Oct 31,Nov 06,SurveyMonkey
NJ,51,40,03,Oct 27,Nov 02,Stockton
NJ,55,34,04,Oct 24,Oct 30,SurveyMonkey
NJ,49,35,06,Oct 12,Oct 16,Fairleigh
NJ,46,40,00,Sep 22,Sep 29,Stockton
NJ,50,29,06,Sep 06,Sep 10,Rutgers-Eagleton
NJ,47,43,05,Sep 02,Sep 05,Emerson
NJ,49,34,08,Aug 09,Sep 01,SurveyMonkey
NJ,44,32,09,Jun 22,Jun 26,Fairleigh
NJ,49,34,00,May 31,Jun 03,YouGov
NJ,37,31,05,May 23,May 27,Monmouth
NJ,48,37,00,May 18,May 22,Fairleigh
NJ,46,37,00,May 01,May 31,Morning
NJ,45,38,00,May 10,May 16,Quinnipiac
NJ,50,36,00,Apr 01,Apr 08,Rutgers-Eagleton
NJ,44,40,00,Feb 01,Feb 29,Morning
NJ,58,41,00,Jan 01,Jan 01,Election
NM,40,36,16,Oct 31,Nov 06,SurveyMonkey
NM,45,40,11,Nov 01,Nov 03,Research
NM,46,43,07,Nov 01,Nov 02,ZiaPoll
NM,45,33,18,Oct 24,Oct 30,SurveyMonkey
NM,41,33,18,Oct 08,Oct 16,SurveyMonkey
NM,46,33,14,Sep 28,Oct 02,SurveyUSA
NM,35,31,24,Sep 27,Sep 29,Research
NM,37,29,25,Aug 09,Sep 01,SurveyMonkey
NM,40,31,16,Aug 19,Aug 21,PPP
NM,43,40,00,May 01,May 31,Morning
NM,41,33,14,May 13,May 15,PPP
NM,45,40,00,Feb 01,Feb 29,Morning
NM,53,43,00,Jan 01,Jan 01,Election
NY,51,34,05,Nov 03,Nov 04,Siena
NY,58,31,05,Oct 31,Nov 06,SurveyMonkey
NY,57,33,00,Oct 24,Oct 30,SurveyMonkey
NY,54,30,05,Oct 13,Oct 17,Siena
NY,52,31,07,Sep 21,Sep 23,Marist
NY,51,30,08,Sep 11,Sep 15,Siena
NY,52,34,08,Aug 28,Aug 30,Emerson
NY,51,31,08,Aug 09,Sep 01,SurveyMonkey
NY,50,25,09,Aug 07,Aug 10,Siena
NY,48,34,06,Aug 04,Aug 08,Gravis
NY,45,33,06,Jul 13,Jul 17,Quinnipiac
NY,54,31,00,Jun 22,Jun 28,Siena
NY,52,31,00,May 22,May 26,Siena
NY,51,34,00,May 01,May 31,Morning
NY,56,30,00,Apr 24,Apr 27,Siena
NY,55,36,00,Apr 16,Apr 17,Emerson
NY,55,35,00,Apr 07,Apr 10,PPP
NY,61,32,00,Apr 06,Apr 10,Marist
NY,51,35,00,Apr 05,Apr 10,Baruch
NY,54,36,00,Apr 06,Apr 07,Emerson
NY,53,37,00,Apr 04,Apr 07,Anderson
NY,53,33,00,Mar 22,Mar 29,Quinnipiac
NY,55,36,00,Mar 14,Mar 16,Emerson
NY,57,34,00,Feb 28,Mar 03,Siena
NY,53,34,00,Feb 01,Feb 29,Morning
NY,57,32,00,Jan 31,Feb 03,Siena
NY,63,36,00,Jan 01,Jan 01,Election
NC,44,44,03,Nov 04,Nov 06,Siena
NC,47,45,03,Nov 03,Nov 06,Quinnipiac
NC,48,41,07,Oct 31,Nov 06,SurveyMonkey
NC,49,47,00,Oct 31,Nov 01,PPP
NC,44,51,03,Oct 28,Oct 31,SurveyUSA
NC,47,44,03,Oct 27,Nov 01,Quinnipiac
NC,47,43,08,Oct 24,Oct 30,SurveyMonkey
NC,48,45,03,Oct 26,Oct 28,YouGov
NC,48,45,04,Oct 26,Oct 27,Emerson
NC,42,41,03,Oct 23,Oct 27,Elon
NC,47,41,08,Oct 25,Oct 26,Marist
NC,47,43,05,Oct 20,Oct 26,Quinnipiac
NC,46,39,08,Oct 20,Oct 23,Siena
NC,47,44,04,Oct 21,Oct 22,PPP
NC,47,46,04,Oct 20,Oct 23,Monmouth
NC,46,44,06,Oct 14,Oct 17,SurveyUSA
NC,46,40,09,Oct 08,Oct 16,SurveyMonkey
NC,48,47,04,Oct 10,Oct 15,Opinion
NC,45,41,09,Oct 10,Oct 12,Marist
NC,45,43,05,Oct 10,Oct 12,Suffolk
NC,46,42,05,Oct 10,Oct 12,Emerson
NC,43,42,08,Oct 01,Oct 06,High
NC,46,44,05,Sep 29,Oct 03,SurveyUSA
NC,44,43,06,Sep 29,Oct 02,Selzer
NC,46,43,07,Sep 27,Oct 02,Quinnipiac
NC,45,39,09,Sep 27,Sep 30,Elon
NC,44,42,07,Sep 27,Sep 28,PPP
NC,38,35,06,Sep 18,Sep 22,Meredith
NC,40,45,06,Sep 18,Sep 20,Fox
NC,43,42,10,Sep 17,Sep 22,High
NC,43,45,06,Sep 18,Sep 20,PPP
NC,41,41,11,Sep 16,Sep 19,Siena
NC,43,44,06,Sep 12,Sep 16,Elon
NC,41,44,04,Sep 05,Sep 07,Suffolk
NC,42,38,15,Aug 29,Sep 07,Quinnipiac
NC,46,42,04,Aug 30,Sep 02,YouGov
NC,43,45,08,Aug 27,Aug 29,Emerson
NC,45,44,00,Aug 26,Aug 27,PPP
NC,44,42,07,Aug 20,Aug 23,Monmouth
NC,40,41,10,Aug 09,Sep 01,SurveyMonkey
NC,45,45,09,Aug 18,Aug 23,Opinion
NC,38,39,10,Aug 15,Aug 17,Gravis
NC,45,36,09,Aug 04,Aug 10,Marist
NC,43,41,07,Aug 05,Aug 07,PPP
NC,42,46,06,Jul 31,Aug 02,SurveyUSA
NC,42,36,07,Jul 05,Jul 11,Marist
NC,44,42,02,Jun 21,Jun 24,YouGov
NC,43,43,04,Jun 20,Jun 21,PPP
NC,41,43,03,May 20,May 22,PPP
NC,40,43,00,May 01,May 31,Morning
NC,45,39,00,Apr 10,Apr 15,Elon
NC,44,42,00,Mar 18,Mar 20,PPP
NC,42,49,00,Mar 09,Mar 10,SurveyUSA
NC,47,41,00,Feb 15,Feb 19,Elon
NC,38,47,00,Feb 01,Feb 29,Morning
NC,43,44,00,Feb 14,Feb 16,PPP
NC,43,45,00,Feb 14,Feb 16,SurveyUSA
NC,43,45,00,Jan 18,Jan 19,PPP
NC,48,51,00,Jan 01,Jan 01,Election
ND,29,57,10,Oct 31,Nov 06,SurveyMonkey
ND,32,55,11,Oct 24,Oct 30,SurveyMonkey
ND,32,43,08,Sep 12,Sep 17,DFM
ND,26,51,16,Aug 09,Sep 01,SurveyMonkey
ND,36,44,00,May 01,May 31,Morning
ND,35,46,00,Feb 01,Feb 29,Morning
ND,39,59,00,Jan 01,Jan 01,Election
OH,39,46,07,Nov 04,Nov 05,Emerson
OH,42,45,08,Oct 31,Nov 06,SurveyMonkey
OH,45,46,03,Nov 02,Nov 04,YouGov
OH,43,40,08,Oct 31,Nov 03,TargetSmart/William
OH,48,47,00,Oct 27,Nov 05,Columbus
OH,41,46,05,Oct 27,Nov 01,Quinnipiac
OH,41,44,09,Oct 24,Oct 30,SurveyMonkey
OH,45,45,06,Oct 26,Oct 27,Emerson
OH,45,45,02,Oct 17,Oct 19,Suffolk
OH,45,45,06,Oct 10,Oct 16,Quinnipiac
OH,41,44,09,Oct 08,Oct 16,SurveyMonkey
OH,44,48,04,Oct 10,Oct 15,Opinion
OH,41,42,09,Oct 10,Oct 12,Marist
OH,45,43,07,Oct 10,Oct 12,Emerson
OH,43,34,10,Oct 09,Oct 11,Baldwin
OH,46,42,05,Oct 05,Oct 07,YouGov
OH,44,43,05,Oct 05,Oct 06,PPP
OH,43,40,08,Oct 03,Oct 06,TargetSmart/William
OH,44,42,05,Oct 01,Oct 04,Monmouth
OH,42,47,06,Sep 27,Oct 02,Quinnipiac
OH,37,42,06,Sep 18,Sep 20,Fox
OH,40,37,08,Sep 15,Sep 22,TargetSmart
OH,39,42,04,Sep 12,Sep 14,Suffolk
OH,39,44,10,Sep 09,Sep 12,Selzer
OH,41,46,08,Sep 07,Sep 12,Opinion
OH,46,39,07,Sep 07,Sep 09,YouGov
OH,37,41,14,Aug 29,Sep 07,Quinnipiac
OH,43,43,10,Aug 25,Aug 27,Emerson
OH,46,42,00,Aug 26,Aug 27,PPP
OH,37,40,13,Aug 09,Sep 01,SurveyMonkey
OH,43,39,10,Aug 18,Aug 21,Monmouth
OH,46,40,06,Aug 17,Aug 19,YouGov
OH,39,35,12,Aug 03,Aug 07,Marist
OH,44,42,08,Jul 30,Aug 07,Quinnipiac
OH,39,42,06,Jul 22,Jul 24,PPP
OH,43,39,05,Jul 18,Jul 20,Suffolk
OH,44,40,05,Jul 13,Jul 15,YouGov
OH,38,35,09,Jul 05,Jul 10,Marist
OH,36,37,07,Jun 30,Jul 11,Quinnipiac
OH,41,38,09,Jun 22,Jun 28,RABA
OH,44,40,00,Jun 22,Jun 23,PPP
OH,38,36,08,Jun 08,Jun 19,Quinnipiac
OH,44,39,00,May 16,May 19,YouGov
OH,41,42,00,May 01,May 31,Morning
OH,43,39,00,Apr 27,May 08,Quinnipiac
OH,45,42,00,Apr 26,Apr 27,PPP
OH,48,42,00,Mar 04,Mar 10,Marist
OH,50,43,00,Mar 02,Mar 06,Opinion
OH,45,40,00,Mar 03,Mar 04,PPP
OH,42,44,00,Feb 16,Feb 20,Quinnipiac
OH,42,40,00,Feb 01,Feb 29,Morning
OH,50,48,00,Jan 01,Jan 01,Election
OK,32,56,10,Oct 31,Nov 06,SurveyMonkey
OK,30,57,11,Oct 24,Oct 30,SurveyMonkey
OK,30,60,05,Oct 18,Oct 20,Sooner
OK,36,51,06,Sep 13,Sep 15,Sooner
OK,26,49,13,Aug 09,Sep 01,SurveyMonkey
OK,29,53,00,Jul 20,Jul 25,Sooner
OK,34,48,00,May 01,May 31,Morning
OK,34,48,00,Feb 01,Feb 29,Morning
OK,33,67,00,Jan 01,Jan 01,Election
OR,51,35,07,Oct 31,Nov 06,SurveyMonkey
OR,51,36,07,Oct 24,Oct 30,SurveyMonkey
OR,41,34,04,Oct 24,Oct 29,DHM
OR,48,38,06,Oct 10,Oct 12,SurveyUSA
OR,43,36,07,Oct 06,Oct 13,DHM
OR,46,36,05,Oct 04,Oct 14,Riley
OR,38,25,10,Sep 01,Sep 06,DHM
OR,47,32,11,Aug 09,Sep 01,SurveyMonkey
OR,45,32,00,Jun 23,Jun 27,iCitizen
OR,45,36,00,May 01,May 31,Morning
OR,43,32,00,May 06,May 09,Anderson
OR,45,38,00,Feb 01,Feb 29,Morning
OR,54,43,00,Jan 01,Jan 01,Election
PA,45,43,04,Nov 03,Nov 05,YouGov
PA,47,42,06,Oct 31,Nov 06,SurveyMonkey
PA,44,40,07,Oct 30,Nov 04,Muhlenberg
PA,48,44,00,Oct 31,Nov 01,PPP
PA,48,44,03,Oct 29,Nov 01,Monmouth
PA,48,43,03,Oct 27,Nov 01,Quinnipiac
PA,48,44,04,Oct 27,Nov 01,Opinion
PA,49,38,04,Oct 26,Oct 30,Franklin+Marshall
PA,48,40,05,Oct 26,Oct 28,YouGov
PA,49,41,06,Oct 24,Oct 30,SurveyMonkey
PA,46,39,06,Oct 23,Oct 25,Siena
PA,48,43,06,Oct 23,Oct 25,Emerson
PA,45,39,08,Oct 20,Oct 26,Muhlenberg
PA,45,41,04,Oct 17,Oct 19,Emerson
PA,47,41,06,Oct 10,Oct 16,Quinnipiac
PA,46,40,08,Oct 08,Oct 16,SurveyMonkey
PA,48,39,06,Oct 07,Oct 11,Selzer
PA,48,40,04,Oct 05,Oct 07,YouGov
PA,49,37,06,Oct 03,Oct 06,Marist
PA,50,40,05,Sep 30,Oct 03,Monmouth
PA,47,38,05,Sep 28,Oct 02,Franklin+Marshall
PA,45,41,05,Sep 27,Oct 02,Quinnipiac
PA,45,39,06,Sep 27,Sep 28,PPP
PA,45,44,08,Sep 20,Sep 25,Opinion
PA,40,38,08,Sep 19,Sep 23,Muhlenberg
PA,42,41,04,Sep 12,Sep 23,Mercyhurst
PA,40,32,14,Sep 12,Sep 16,Muhlenberg
PA,44,39,09,Aug 29,Sep 07,Quinnipiac
PA,45,37,06,Aug 30,Sep 02,YouGov
PA,47,42,00,Aug 30,Aug 31,PPP
PA,41,38,07,Aug 25,Aug 29,Franklin+Marshall
PA,48,40,06,Aug 26,Aug 29,Monmouth
PA,46,43,07,Aug 25,Aug 28,Emerson
PA,48,43,00,Aug 26,Aug 27,PPP
PA,41,38,12,Aug 09,Sep 01,SurveyMonkey
PA,45,36,09,Aug 03,Aug 07,Marist
PA,48,39,07,Jul 30,Aug 07,Quinnipiac
PA,45,42,04,Jul 29,Jul 31,PPP
PA,49,38,06,Jul 29,Aug 01,Franklin+Marshall
PA,46,37,05,Jul 25,Jul 27,Suffolk
PA,43,35,08,Jul 05,Jul 10,Marist
PA,34,40,09,Jun 30,Jul 11,Quinnipiac
PA,46,42,00,Jun 22,Jun 23,PPP
PA,39,36,09,Jun 08,Jun 19,Quinnipiac
PA,41,40,06,Jun 03,Jun 05,PPP
PA,43,42,00,May 01,May 31,Morning
PA,43,42,00,Apr 27,May 08,Quinnipiac
PA,54,39,00,Apr 18,Apr 20,Marist
PA,44,44,00,Apr 04,Apr 07,Anderson
PA,45,42,00,Mar 30,Apr 04,Quinnipiac
PA,46,33,00,Mar 14,Mar 20,Franklin+Marshall
PA,43,35,00,Mar 01,Mar 11,Mercyhurst
PA,43,42,00,Feb 01,Feb 29,Morning
PA,52,47,00,Jan 01,Jan 01,Election
RI,49,36,07,Oct 31,Nov 06,SurveyMonkey
RI,49,36,08,Oct 24,Oct 30,SurveyMonkey
RI,52,32,05,Oct 02,Oct 04,Emerson
RI,44,41,08,Sep 02,Sep 05,Emerson
RI,41,33,15,Aug 09,Sep 01,SurveyMonkey
RI,47,36,00,May 01,May 31,Morning
RI,49,36,00,Feb 01,Feb 29,Morning
RI,63,36,00,Jan 01,Jan 01,Election
SC,44,46,06,Oct 31,Nov 06,SurveyMonkey
SC,42,46,06,Oct 24,Oct 30,SurveyMonkey
SC,38,42,06,Sep 18,Sep 26,Winthrop
SC,38,53,03,Sep 06,Sep 12,Trafalgar
SC,38,45,10,Aug 09,Sep 01,SurveyMonkey
SC,37,41,07,Aug 15,Aug 17,Gravis
SC,39,41,05,Aug 09,Aug 10,PPP
SC,37,46,00,May 01,May 31,Morning
SC,36,47,00,Feb 01,Feb 29,Morning
SC,44,55,00,Jan 01,Jan 01,Election
SD,31,53,12,Oct 31,Nov 06,SurveyMonkey
SD,29,55,12,Oct 24,Oct 30,SurveyMonkey
SD,35,49,07,Oct 24,Oct 26,Nielson
SD,37,44,07,Oct 18,Oct 20,Mason
SD,29,43,19,Aug 09,Sep 01,SurveyMonkey
SD,32,47,00,May 01,May 31,Morning
SD,38,45,00,Feb 01,Feb 29,Morning
SD,40,58,00,Jan 01,Jan 01,Election
TN,40,49,06,Oct 31,Nov 06,SurveyMonkey
TN,39,51,05,Oct 24,Oct 30,SurveyMonkey
TN,36,48,04,Sep 28,Oct 02,Middle
TN,33,44,07,Sep 19,Oct 02,Princeton
TN,31,51,10,Aug 09,Sep 01,SurveyMonkey
TN,30,47,07,Jul 27,Jul 31,iCitizen
TN,33,49,00,May 01,May 31,Morning
TN,35,44,00,Apr 25,May 11,Princeton
TN,34,50,00,Feb 01,Feb 29,Morning
TN,39,60,00,Jan 01,Jan 01,Election
TX,42,47,06,Oct 31,Nov 06,SurveyMonkey
TX,35,49,05,Oct 31,Nov 01,Emerson
TX,40,49,06,Oct 30,Nov 01,Marist
TX,42,46,07,Oct 24,Oct 30,SurveyMonkey
TX,38,45,07,Oct 22,Oct 24,Pulse
TX,43,46,05,Oct 20,Oct 21,YouGov
TX,42,45,07,Oct 14,Oct 23,U.
TX,42,44,08,Oct 08,Oct 16,SurveyMonkey
TX,38,41,04,Oct 07,Oct 15,U.
TX,43,47,03,Oct 10,Oct 12,SurveyUSA
TX,36,42,10,Sep 07,Sep 10,Emerson
TX,32,39,09,Sep 01,Sep 11,Texas
TX,40,40,11,Aug 09,Sep 01,SurveyMonkey
TX,38,44,06,Aug 12,Aug 14,PPP
TX,35,46,00,Aug 08,Aug 09,Dixie
TX,32,39,07,Jun 10,Jun 20,U.
TX,33,41,00,Jun 10,Jun 19,YouGov
TX,38,44,00,May 01,May 31,Morning
TX,39,44,00,Feb 01,Feb 29,Morning
TX,41,57,00,Jan 01,Jan 01,Election
UT,23,40,07,Nov 03,Nov 05,YouGov
UT,31,34,06,Oct 31,Nov 06,SurveyMonkey
UT,20,40,03,Nov 01,Nov 02,Emerson
UT,31,37,04,Oct 30,Nov 02,Monmouth
UT,31,42,03,Oct 29,Oct 31,Rasmussen
UT,30,33,00,Oct 24,Oct 30,SurveyMonkey
UT,24,32,04,Oct 20,Oct 27,Dan
UT,28,32,04,Oct 23,Oct 24,Rasmussen
UT,24,27,05,Oct 17,Oct 19,Emerson
UT,25,30,05,Oct 12,Oct 18,Dan
UT,20,37,07,Oct 12,Oct 14,YouGov
UT,28,34,09,Oct 10,Oct 12,Monmouth
UT,24,39,13,Sep 01,Sep 09,Dan
UT,24,39,12,Aug 19,Aug 21,PPP
UT,27,34,23,Aug 09,Sep 01,SurveyMonkey
UT,25,37,16,Jul 18,Aug 04,Dan
UT,27,36,10,Jun 08,Jun 17,Dan
UT,35,35,13,Jun 02,Jun 08,SurveyUSA
UT,26,29,16,May 31,Jun 01,Gravis
UT,33,45,00,May 01,May 31,Morning
UT,30,43,00,May 02,May 10,Dan
UT,38,36,00,Mar 08,Mar 15,Dan
UT,31,46,00,Feb 01,Feb 29,Morning
UT,25,73,00,Jan 01,Jan 01,Election
VT,60,27,06,Oct 31,Nov 06,SurveyMonkey
VT,51,25,00,Oct 24,Oct 30,SurveyMonkey
VT,50,22,07,Oct 19,Oct 22,Braun
VT,45,17,04,Sep 29,Oct 14,Castleton
VT,47,26,13,Sep 02,Sep 05,Emerson
VT,45,24,11,Aug 09,Sep 01,SurveyMonkey
VT,39,17,05,Jul 11,Jul 23,Castleton
VT,49,32,00,May 01,May 31,Morning
VT,55,31,00,Feb 01,Feb 29,Morning
VT,67,31,00,Jan 01,Jan 01,Election
VA,48,42,03,Nov 01,Nov 06,Christopher
VA,48,43,04,Nov 03,Nov 04,PPP
VA,49,39,07,Oct 31,Nov 06,SurveyMonkey
VA,45,38,05,Oct 29,Nov 01,Roanoke
VA,49,45,03,Oct 28,Oct 30,Emerson
VA,41,44,00,Oct 26,Oct 30,Hampton
VA,48,42,06,Oct 27,Oct 30,George
VA,48,39,08,Oct 24,Oct 30,SurveyMonkey
VA,44,39,05,Oct 23,Oct 30,Winthrop
VA,46,39,05,Oct 23,Oct 26,Christopher
VA,50,38,04,Oct 20,Oct 26,Quinnipiac
VA,45,33,08,Oct 16,Oct 19,Christopher
VA,44,29,11,Oct 11,Oct 14,Christopher
VA,49,38,08,Oct 08,Oct 16,SurveyMonkey
VA,46,43,06,Oct 10,Oct 12,Emerson
VA,45,36,07,Oct 02,Oct 06,Roanoke
VA,46,34,00,Sep 28,Oct 02,Hampton
VA,42,35,12,Sep 27,Sep 30,Christopher
VA,46,40,07,Sep 27,Sep 28,PPP
VA,45,37,07,Sep 21,Sep 23,YouGov
VA,39,33,15,Sep 15,Sep 23,Christopher
VA,45,39,08,Sep 13,Sep 21,Quinnipiac
VA,44,37,08,Sep 11,Sep 20,Roanoke
VA,45,39,06,Sep 09,Sep 11,PPP
VA,40,37,08,Sep 06,Sep 12,U.
VA,44,43,11,Aug 30,Sep 01,Emerson
VA,43,41,00,Aug 24,Aug 28,Hampton
VA,43,36,13,Aug 09,Sep 01,SurveyMonkey
VA,45,34,11,Aug 09,Aug 16,Quinnipiac
VA,46,39,09,Aug 11,Aug 14,Washington
VA,48,32,08,Aug 07,Aug 17,Roanoke
VA,43,31,12,Aug 04,Aug 10,Marist
VA,49,37,07,Aug 02,Aug 05,YouGov
VA,42,46,07,Jul 26,Jul 27,RABA
VA,39,34,10,Jul 09,Jul 12,Anderson
VA,39,39,00,Jul 06,Jul 10,Hampton
VA,41,34,10,Jul 05,Jul 11,Marist
VA,42,39,06,Jun 13,Jun 15,PPP
VA,44,38,06,May 24,May 24,Gravis
VA,44,39,00,May 01,May 31,Morning
VA,38,38,00,May 09,May 17,Roanoke
VA,44,35,00,Mar 23,Apr 03,Christopher
VA,45,40,00,Feb 01,Feb 29,Morning
VA,52,35,00,Jan 18,Jan 26,Roanoke
VA,51,48,00,Jan 01,Jan 01,Election
WA,51,34,07,Oct 31,Nov 06,SurveyMonkey
WA,50,38,04,Oct 31,Nov 02,SurveyUSA
WA,53,34,08,Oct 24,Oct 30,SurveyMonkey
WA,48,31,01,Oct 20,Oct 22,Elway
WA,53,39,00,Oct 06,Oct 13,YouGov
WA,47,31,10,Sep 29,Oct 03,Strategies
WA,44,38,07,Sep 25,Sep 26,Emerson
WA,41,31,16,Aug 09,Sep 01,SurveyMonkey
WA,43,24,07,Aug 09,Aug 13,Elway
WA,49,37,00,Jun 14,Jun 15,PPP
WA,48,34,00,May 01,May 31,Morning
WA,48,34,00,Feb 01,Feb 29,Morning
WA,56,42,00,Jan 01,Jan 01,Election
WV,27,57,08,Oct 31,Nov 06,SurveyMonkey
WV,27,59,00,Oct 24,Oct 30,SurveyMonkey
WV,27,52,12,Aug 09,Sep 01,SurveyMonkey
WV,31,49,10,Aug 09,Aug 28,R.L.
WV,28,56,00,May 01,May 31,Morning
WV,29,54,00,Feb 01,Feb 29,Morning
WV,36,62,00,Jan 01,Jan 01,Election
WI,44,43,07,Oct 31,Nov 06,SurveyMonkey
WI,44,38,07,Oct 31,Nov 01,Loras
WI,48,41,00,Oct 31,Nov 01,PPP
WI,46,40,04,Oct 26,Oct 31,Marquette
WI,45,41,08,Oct 24,Oct 30,SurveyMonkey
WI,48,42,09,Oct 27,Oct 28,Emerson
WI,50,38,00,Oct 18,Oct 19,PPP
WI,47,40,06,Oct 15,Oct 18,Monmouth
WI,47,39,01,Oct 13,Oct 16,St.
WI,43,38,12,Oct 08,Oct 16,SurveyMonkey
WI,44,37,09,Oct 06,Oct 09,Marquette
WI,43,39,04,Oct 05,Oct 07,YouGov
WI,43,35,08,Oct 04,Oct 05,Loras
WI,45,38,11,Sep 19,Sep 20,Emerson
WI,41,38,11,Sep 15,Sep 18,Marquette
WI,43,38,07,Aug 27,Aug 30,Monmouth
WI,41,38,10,Aug 25,Aug 28,Marquette
WI,48,41,00,Aug 26,Aug 27,PPP
WI,39,37,13,Aug 09,Sep 01,SurveyMonkey
WI,42,33,10,Aug 04,Aug 07,Marquette
WI,43,37,08,Jul 07,Jul 10,Marquette
WI,41,36,00,Jun 21,Jun 24,YouGov
WI,47,39,00,Jun 22,Jun 23,PPP
WI,46,37,00,Jun 09,Jun 12,PPP
WI,46,37,00,Jun 06,Jun 09,Marquette
WI,41,39,00,May 01,May 31,Morning
WI,46,34,00,Apr 12,Apr 15,St.
WI,47,37,00,Mar 30,Apr 03,Emerson
WI,49,35,00,Mar 28,Mar 30,Anderson
WI,47,37,00,Mar 24,Mar 28,Marquette
WI,48,39,00,Feb 18,Feb 21,Marquette
WI,43,38,00,Feb 01,Feb 29,Morning
WI,48,38,00,Jan 21,Jan 24,Marquette
WI,53,46,00,Jan 01,Jan 01,Election
WY,23,62,08,Oct 24,Oct 30,SurveyMonkey
WY,20,58,09,Oct 05,Oct 11,U.
WY,19,54,10,Sep 06,Sep 11,DFM
WY,21,57,15,Aug 09,Sep 01,SurveyMonkey
WY,25,59,00,May 01,May 31,Morning
WY,27,55,00,Feb 01,Feb 29,Morning
WY,28,69,00,Jan 01,Jan 01,Election
